{
  "mask": 0.16616,
  "vaccine": 0.77694,
  "capacity": 0.88628,
  "lockdown": 0.68747,
  "selfiso": 0.20559
}