{
  "mask": 0.88465,
  "vaccine": 0.82778,
  "capacity": 0.60513,
  "lockdown": 0.34986,
  "selfiso": 0.64234
}