{
  "mask": 16.61636,
  "vaccine": 77.69448,
  "capacity": 88.62813,
  "lockdown": 68.74656,
  "selfiso": 20.55851
}