{
  "mask": 0.26772,
  "vaccine": 0.24771,
  "capacity": 0.36834,
  "lockdown": 0.00216,
  "selfiso": 0.72317
}