{
  "mask": 0.71089,
  "vaccine": 0.01084,
  "capacity": 0.55338,
  "lockdown": 0.24865,
  "selfiso": 0.23269
}