{
  "mask": 26.77223,
  "vaccine": 24.77091,
  "capacity": 36.83445,
  "lockdown": 0.21616,
  "selfiso": 72.31734
}