{
  "mask": 8.2544,
  "vaccine": 33.14324,
  "capacity": 53.19269,
  "lockdown": 27.00485,
  "selfiso": 19.08193
}