{
  "mask": 0.08254,
  "vaccine": 0.33143,
  "capacity": 0.53193,
  "lockdown": 0.27005,
  "selfiso": 0.19082
}