{
  "mask": 25.37316,
  "vaccine": 94.32419,
  "capacity": 39.89009,
  "lockdown": 27.87266,
  "selfiso": 88.852
}