{
  "mask": 0.25373,
  "vaccine": 0.94324,
  "capacity": 0.3989,
  "lockdown": 0.27873,
  "selfiso": 0.88852
}