{
  "mask": 31.62143,
  "vaccine": 40.70691,
  "capacity": 19.68609,
  "lockdown": 0.66167,
  "selfiso": 34.5794
}