{
  "mask": 0.31621,
  "vaccine": 0.40707,
  "capacity": 0.19686,
  "lockdown": 0.00662,
  "selfiso": 0.34579
}