{
  "mask": 95.97898,
  "vaccine": 78.47592,
  "capacity": 26.25551,
  "lockdown": 16.55624,
  "selfiso": 82.3837
}