{
  "mask": 0.25916,
  "vaccine": 0.43904,
  "capacity": 0.99022,
  "lockdown": 0.88225,
  "selfiso": 0.89535
}