{
  "mask": 0.95979,
  "vaccine": 0.78476,
  "capacity": 0.26256,
  "lockdown": 0.16556,
  "selfiso": 0.82384
}