{
  "mask": 69.92639,
  "vaccine": 28.56049,
  "capacity": 38.9253,
  "lockdown": 8.27623,
  "selfiso": 53.0992
}