{
  "mask": 0.29706,
  "vaccine": 0.98242,
  "capacity": 0.85701,
  "lockdown": 0.03105,
  "selfiso": 0.50397
}