{
  "mask": 0.69926,
  "vaccine": 0.2856,
  "capacity": 0.38925,
  "lockdown": 0.08276,
  "selfiso": 0.53099
}