{
  "mask": 29.67735,
  "vaccine": 71.31263,
  "capacity": 55.39244,
  "lockdown": 89.31075,
  "selfiso": 40.41448
}