{
  "mask": 0.29677,
  "vaccine": 0.71313,
  "capacity": 0.55392,
  "lockdown": 0.89311,
  "selfiso": 0.40414
}