{
  "mask": 0.80709,
  "vaccine": 0.15251,
  "capacity": 0.3957,
  "lockdown": 0.43243,
  "selfiso": 0.67658
}