infected_person_id,infector_id,location_id,variant,timestep,mask,vaccine,capacity,lockdown,selfiso
14,15,6,Omicron,1380,0.78415,0.1944,0.56493,0.97739,0.23656
26,27,10,Delta,1380,0.78415,0.1944,0.56493,0.97739,0.23656
11,15,6,Omicron,1140,0.78415,0.1944,0.56493,0.97739,0.23656
28,27,10,Delta,1380,0.78415,0.1944,0.56493,0.97739,0.23656
20,27,10,Delta,180,0.78415,0.1944,0.56493,0.97739,0.23656
36,27,12,Delta,1320,0.78415,0.1944,0.56493,0.97739,0.23656
37,27,12,Delta,1320,0.78415,0.1944,0.56493,0.97739,0.23656
38,27,12,Delta,1320,0.78415,0.1944,0.56493,0.97739,0.23656
39,27,12,Delta,1320,0.78415,0.1944,0.56493,0.97739,0.23656
21,27,10,Delta,540,0.78415,0.1944,0.56493,0.97739,0.23656
12,15,7,Omicron,600,0.78415,0.1944,0.56493,0.97739,0.23656
16,15,7,Omicron,600,0.78415,0.1944,0.56493,0.97739,0.23656
17,15,7,Omicron,600,0.78415,0.1944,0.56493,0.97739,0.23656
18,15,7,Omicron,600,0.78415,0.1944,0.56493,0.97739,0.23656
10,15,6,Omicron,1320,0.78415,0.1944,0.56493,0.97739,0.23656
