{
  "mask": 0.78415,
  "vaccine": 0.1944,
  "capacity": 0.56493,
  "lockdown": 0.97739,
  "selfiso": 0.23656
}