{
  "mask": 0.99659,
  "vaccine": 0.39759,
  "capacity": 0.49971,
  "lockdown": 0.22956,
  "selfiso": 0.74625
}