{
  "mask": 78.41481,
  "vaccine": 19.43984,
  "capacity": 56.49265,
  "lockdown": 97.7391,
  "selfiso": 23.65628
}