{
  "mask": 72.03285,
  "vaccine": 26.57149,
  "capacity": 75.82134,
  "lockdown": 94.47129,
  "selfiso": 27.69159
}