{
  "mask": 0.72033,
  "vaccine": 0.26571,
  "capacity": 0.75821,
  "lockdown": 0.94471,
  "selfiso": 0.27692
}