{
  "mask": 0.81943,
  "vaccine": 0.50382,
  "capacity": 0.70791,
  "lockdown": 0.04001,
  "selfiso": 0.90294
}