{
  "mask": 81.94318,
  "vaccine": 50.38228,
  "capacity": 70.79096,
  "lockdown": 4.00078,
  "selfiso": 90.29431
}