{
  "mask": 79.60572,
  "vaccine": 84.61537,
  "capacity": 7.05922,
  "lockdown": 41.86232,
  "selfiso": 40.94683
}