{
  "mask": 0.60423,
  "vaccine": 0.36461,
  "capacity": 0.76237,
  "lockdown": 0.53449,
  "selfiso": 0.49787
}