{
  "mask": 0.79606,
  "vaccine": 0.84615,
  "capacity": 0.07059,
  "lockdown": 0.41862,
  "selfiso": 0.40947
}