{
  "mask": 64.14263,
  "vaccine": 45.61535,
  "capacity": 28.78586,
  "lockdown": 57.15935,
  "selfiso": 18.22306
}