{
  "mask": 0.64143,
  "vaccine": 0.45615,
  "capacity": 0.28786,
  "lockdown": 0.57159,
  "selfiso": 0.18223
}