{
  "mask": 0.58353,
  "vaccine": 0.75082,
  "capacity": 0.90696,
  "lockdown": 0.60847,
  "selfiso": 0.62835
}