{
  "mask": 58.35321,
  "vaccine": 75.08185,
  "capacity": 90.6955,
  "lockdown": 60.84666,
  "selfiso": 62.83512
}