{
  "mask": 95.19873,
  "vaccine": 41.59882,
  "capacity": 66.3748,
  "lockdown": 61.19344,
  "selfiso": 3.29536
}