{
  "mask": 0.95199,
  "vaccine": 0.41599,
  "capacity": 0.66375,
  "lockdown": 0.61193,
  "selfiso": 0.03295
}