{
  "mask": 0.0183,
  "vaccine": 0.67514,
  "capacity": 0.71328,
  "lockdown": 0.21119,
  "selfiso": 0.1024
}