{
  "mask": 1.83032,
  "vaccine": 67.51412,
  "capacity": 71.32803,
  "lockdown": 21.11895,
  "selfiso": 10.2404
}