{
  "mask": 0.66921,
  "vaccine": 0.15299,
  "capacity": 0.62614,
  "lockdown": 0.06235,
  "selfiso": 0.16825
}