{
  "mask": 66.92063,
  "vaccine": 15.29929,
  "capacity": 62.61402,
  "lockdown": 6.23482,
  "selfiso": 16.82481
}