{
  "mask": 59.87017,
  "vaccine": 9.2493,
  "capacity": 88.03681,
  "lockdown": 2.77508,
  "selfiso": 36.4326
}