{
  "mask": 0.5987,
  "vaccine": 0.09249,
  "capacity": 0.88037,
  "lockdown": 0.02775,
  "selfiso": 0.36433
}