{
  "mask": 0.71489,
  "vaccine": 0.77457,
  "capacity": 0.71969,
  "lockdown": 0.0999,
  "selfiso": 0.16087
}