{
  "mask": 71.48946,
  "vaccine": 77.45717,
  "capacity": 71.9692,
  "lockdown": 9.98994,
  "selfiso": 16.08652
}