{
  "mask": 75.50711,
  "vaccine": 21.65868,
  "capacity": 63.14821,
  "lockdown": 4.67878,
  "selfiso": 35.57139
}