{
  "mask": 0.75507,
  "vaccine": 0.21659,
  "capacity": 0.63148,
  "lockdown": 0.04679,
  "selfiso": 0.35571
}