{
  "mask": 0.55588,
  "vaccine": 0.67003,
  "capacity": 0.75128,
  "lockdown": 0.08583,
  "selfiso": 0.03906
}