{
  "mask": 55.58785,
  "vaccine": 67.00323,
  "capacity": 75.12837,
  "lockdown": 8.58275,
  "selfiso": 3.90614
}