{
  "mask": 0.18784,
  "vaccine": 0.61102,
  "capacity": 0.45404,
  "lockdown": 0.26975,
  "selfiso": 0.94722
}