{
  "mask": 18.78447,
  "vaccine": 61.1017,
  "capacity": 45.40428,
  "lockdown": 26.97537,
  "selfiso": 94.72168
}