{
  "mask": 0.88337,
  "vaccine": 0.90149,
  "capacity": 0.74845,
  "lockdown": 0.15855,
  "selfiso": 0.34089
}