{
  "mask": 88.33695,
  "vaccine": 90.14873,
  "capacity": 74.84549,
  "lockdown": 15.85513,
  "selfiso": 34.08904
}