{
  "mask": 96.90122,
  "vaccine": 22.31304,
  "capacity": 76.01155,
  "lockdown": 18.64641,
  "selfiso": 46.47777
}