{
  "mask": 0.96901,
  "vaccine": 0.22313,
  "capacity": 0.76012,
  "lockdown": 0.18646,
  "selfiso": 0.46478
}