{
  "mask": 27.21471,
  "vaccine": 44.73158,
  "capacity": 90.35241,
  "lockdown": 5.58675,
  "selfiso": 24.34059
}