{
  "mask": 0.27215,
  "vaccine": 0.44732,
  "capacity": 0.90352,
  "lockdown": 0.05587,
  "selfiso": 0.24341
}