{
  "mask": 46.53998,
  "vaccine": 65.48967,
  "capacity": 41.14682,
  "lockdown": 47.84387,
  "selfiso": 67.4546
}