{
  "mask": 0.4654,
  "vaccine": 0.6549,
  "capacity": 0.41147,
  "lockdown": 0.47844,
  "selfiso": 0.67455
}