{
  "mask": 65.90168,
  "vaccine": 68.14069,
  "capacity": 23.37985,
  "lockdown": 38.64437,
  "selfiso": 71.91278
}