{
  "mask": 0.65902,
  "vaccine": 0.68141,
  "capacity": 0.2338,
  "lockdown": 0.38644,
  "selfiso": 0.71913
}