{
  "mask": 77.25152,
  "vaccine": 18.06313,
  "capacity": 37.70742,
  "lockdown": 17.33876,
  "selfiso": 32.35056
}