{
  "mask": 0.77252,
  "vaccine": 0.18063,
  "capacity": 0.37707,
  "lockdown": 0.17339,
  "selfiso": 0.32351
}