{
  "mask": 0.67708,
  "vaccine": 0.96889,
  "capacity": 0.64597,
  "lockdown": 0.68187,
  "selfiso": 0.83532
}