{
  "mask": 67.70762,
  "vaccine": 96.88852,
  "capacity": 64.59741,
  "lockdown": 68.18667,
  "selfiso": 83.53233
}