{
  "mask": 0.35675,
  "vaccine": 0.50092,
  "capacity": 0.21478,
  "lockdown": 0.20117,
  "selfiso": 0.80402
}