{
  "mask": 58.91884,
  "vaccine": 5.52298,
  "capacity": 46.36944,
  "lockdown": 94.5292,
  "selfiso": 12.10041
}