{
  "mask": 0.58919,
  "vaccine": 0.05523,
  "capacity": 0.46369,
  "lockdown": 0.94529,
  "selfiso": 0.121
}