{
  "mask": 13.2645,
  "vaccine": 36.22557,
  "capacity": 60.67449,
  "lockdown": 24.88201,
  "selfiso": 78.15374
}