{
  "mask": 0.13265,
  "vaccine": 0.36226,
  "capacity": 0.60674,
  "lockdown": 0.24882,
  "selfiso": 0.78154
}