{
  "mask": 30.87214,
  "vaccine": 17.51756,
  "capacity": 8.171,
  "lockdown": 16.38191,
  "selfiso": 10.52444
}