{
  "mask": 0.30872,
  "vaccine": 0.17518,
  "capacity": 0.08171,
  "lockdown": 0.16382,
  "selfiso": 0.10524
}