{
  "mask": 0.34645,
  "vaccine": 0.1435,
  "capacity": 0.94993,
  "lockdown": 0.67601,
  "selfiso": 0.01489
}