{
  "mask": 34.64502,
  "vaccine": 14.34955,
  "capacity": 94.99297,
  "lockdown": 67.60133,
  "selfiso": 1.48897
}