{
  "mask": 0.4058,
  "vaccine": 0.33398,
  "capacity": 0.63972,
  "lockdown": 0.46405,
  "selfiso": 0.63956
}