{
  "mask": 0.51474,
  "vaccine": 0.16108,
  "capacity": 0.96729,
  "lockdown": 0.90972,
  "selfiso": 0.93763
}