{
  "mask": 51.47353,
  "vaccine": 16.10823,
  "capacity": 96.72868,
  "lockdown": 90.97193,
  "selfiso": 93.76255
}