infected_person_id,infector_id,location_id,variant,timestep,mask,vaccine,capacity,lockdown,selfiso
21,23,9,Delta,1440,0.33681,0.25539,0.03969,0.99176,0.60603
22,23,9,Delta,1260,0.33681,0.25539,0.03969,0.99176,0.60603
24,23,9,Delta,1380,0.33681,0.25539,0.03969,0.99176,0.60603
25,23,9,Delta,1140,0.33681,0.25539,0.03969,0.99176,0.60603
11,10,4,Omicron,1260,0.33681,0.25539,0.03969,0.99176,0.60603
14,10,6,Omicron,1380,0.33681,0.25539,0.03969,0.99176,0.60603
15,10,6,Omicron,1320,0.33681,0.25539,0.03969,0.99176,0.60603
18,23,9,Delta,720,0.33681,0.25539,0.03969,0.99176,0.60603
7,10,4,Omicron,960,0.33681,0.25539,0.03969,0.99176,0.60603
