{
  "mask": 0.33681,
  "vaccine": 0.25539,
  "capacity": 0.03969,
  "lockdown": 0.99176,
  "selfiso": 0.60603
}