{
  "mask": 33.68052,
  "vaccine": 25.53899,
  "capacity": 3.96939,
  "lockdown": 99.1758,
  "selfiso": 60.60275
}