{
  "mask": 44.71139,
  "vaccine": 55.40009,
  "capacity": 89.77254,
  "lockdown": 47.23743,
  "selfiso": 97.38605
}