{
  "mask": 0.44711,
  "vaccine": 0.554,
  "capacity": 0.89773,
  "lockdown": 0.47237,
  "selfiso": 0.97386
}