{
  "mask": 0.74554,
  "vaccine": 0.36811,
  "capacity": 0.12712,
  "lockdown": 0.03987,
  "selfiso": 0.90865
}