{
  "mask": 74.55386,
  "vaccine": 36.81146,
  "capacity": 12.712,
  "lockdown": 3.98698,
  "selfiso": 90.86466
}