{
  "mask": 91.39557,
  "vaccine": 68.72697,
  "capacity": 11.97343,
  "lockdown": 28.55424,
  "selfiso": 56.06573
}