{
  "mask": 0.31582,
  "vaccine": 0.10908,
  "capacity": 0.89894,
  "lockdown": 0.86217,
  "selfiso": 0.86263
}