{
  "mask": 0.91396,
  "vaccine": 0.68727,
  "capacity": 0.11973,
  "lockdown": 0.28554,
  "selfiso": 0.56066
}