{
  "mask": 0.50782,
  "vaccine": 0.2094,
  "capacity": 0.8118,
  "lockdown": 0.4988,
  "selfiso": 0.58772
}