{
  "mask": 50.7825,
  "vaccine": 20.94017,
  "capacity": 81.18044,
  "lockdown": 49.88049,
  "selfiso": 58.77203
}