{
  "mask": 0.6313,
  "vaccine": 0.41761,
  "capacity": 0.96722,
  "lockdown": 0.61522,
  "selfiso": 0.45088
}