{
  "mask": 0.09608,
  "vaccine": 0.4514,
  "capacity": 0.5794,
  "lockdown": 0.15356,
  "selfiso": 0.36733
}