{
  "mask": 9.60805,
  "vaccine": 45.14015,
  "capacity": 57.9402,
  "lockdown": 15.35562,
  "selfiso": 36.73325
}