{
  "mask": 6.85224,
  "vaccine": 2.71052,
  "capacity": 57.35352,
  "lockdown": 43.07297,
  "selfiso": 96.86385
}