{
  "mask": 0.06852,
  "vaccine": 0.02711,
  "capacity": 0.57354,
  "lockdown": 0.43073,
  "selfiso": 0.96864
}