{
  "mask": 0.37757,
  "vaccine": 0.76195,
  "capacity": 0.24142,
  "lockdown": 0.6553,
  "selfiso": 0.57361
}