{
  "mask": 62.93926,
  "vaccine": 49.04883,
  "capacity": 19.03556,
  "lockdown": 51.38257,
  "selfiso": 14.34015
}