{
  "mask": 0.62939,
  "vaccine": 0.49049,
  "capacity": 0.19036,
  "lockdown": 0.51383,
  "selfiso": 0.1434
}