{
  "mask": 84.57515,
  "vaccine": 90.74795,
  "capacity": 22.49664,
  "lockdown": 43.72688,
  "selfiso": 17.59055
}