{
  "mask": 0.84575,
  "vaccine": 0.90748,
  "capacity": 0.22497,
  "lockdown": 0.43727,
  "selfiso": 0.17591
}