{
  "mask": 0.8363,
  "vaccine": 0.03634,
  "capacity": 0.94489,
  "lockdown": 0.22242,
  "selfiso": 0.31327
}