{
  "mask": 83.62963,
  "vaccine": 3.63432,
  "capacity": 94.48946,
  "lockdown": 22.24216,
  "selfiso": 31.32713
}