{
  "mask": 0.00208,
  "vaccine": 0.97218,
  "capacity": 0.3517,
  "lockdown": 0.49114,
  "selfiso": 0.33652
}