{
  "mask": 13.55188,
  "vaccine": 42.80442,
  "capacity": 77.29251,
  "lockdown": 62.27852,
  "selfiso": 83.4131
}