{
  "mask": 0.13552,
  "vaccine": 0.42804,
  "capacity": 0.77293,
  "lockdown": 0.62279,
  "selfiso": 0.83413
}