{
  "mask": 0.5005,
  "vaccine": 0.52054,
  "capacity": 0.50041,
  "lockdown": 0.55661,
  "selfiso": 0.63127
}