{
  "mask": 50.05027,
  "vaccine": 52.05354,
  "capacity": 50.04082,
  "lockdown": 55.66118,
  "selfiso": 63.127
}