{
  "mask": 20.51737,
  "vaccine": 58.36725,
  "capacity": 67.13203,
  "lockdown": 46.55016,
  "selfiso": 55.07942
}