{
  "mask": 0.20517,
  "vaccine": 0.58367,
  "capacity": 0.67132,
  "lockdown": 0.4655,
  "selfiso": 0.55079
}