{
  "mask": 44.39681,
  "vaccine": 84.04401,
  "capacity": 22.87904,
  "lockdown": 52.82518,
  "selfiso": 37.19459
}