{
  "mask": 0.44397,
  "vaccine": 0.84044,
  "capacity": 0.22879,
  "lockdown": 0.52825,
  "selfiso": 0.37195
}