{
  "mask": 22.82502,
  "vaccine": 37.28695,
  "capacity": 61.70268,
  "lockdown": 23.91276,
  "selfiso": 79.1515
}