{
  "mask": 0.22825,
  "vaccine": 0.37287,
  "capacity": 0.61703,
  "lockdown": 0.23913,
  "selfiso": 0.79151
}