{
  "mask": 56.53448,
  "vaccine": 72.42412,
  "capacity": 83.67766,
  "lockdown": 98.35597,
  "selfiso": 59.05763
}