{
  "mask": 0.56534,
  "vaccine": 0.72424,
  "capacity": 0.83678,
  "lockdown": 0.98356,
  "selfiso": 0.59058
}