{
  "mask": 0.32877,
  "vaccine": 0.61378,
  "capacity": 0.87419,
  "lockdown": 0.32765,
  "selfiso": 0.84169
}