{
  "mask": 0.80719,
  "vaccine": 0.47344,
  "capacity": 0.31855,
  "lockdown": 0.71691,
  "selfiso": 0.22542
}