{
  "mask": 80.71921,
  "vaccine": 47.34448,
  "capacity": 31.85469,
  "lockdown": 71.69123,
  "selfiso": 22.54234
}