{
  "mask": 5.71535,
  "vaccine": 91.48843,
  "capacity": 97.86571,
  "lockdown": 49.01189,
  "selfiso": 43.25572
}