{
  "mask": 0.05715,
  "vaccine": 0.91488,
  "capacity": 0.97866,
  "lockdown": 0.49012,
  "selfiso": 0.43256
}