{
  "mask": 0.38741,
  "vaccine": 0.39442,
  "capacity": 0.10943,
  "lockdown": 0.97121,
  "selfiso": 0.65395
}