{
  "mask": 38.741,
  "vaccine": 39.44173,
  "capacity": 10.94307,
  "lockdown": 97.1208,
  "selfiso": 65.39547
}