{
  "mask": 3.01139,
  "vaccine": 17.15581,
  "capacity": 68.68596,
  "lockdown": 29.32461,
  "selfiso": 22.25805
}