{
  "mask": 0.03011,
  "vaccine": 0.17156,
  "capacity": 0.68686,
  "lockdown": 0.29325,
  "selfiso": 0.22258
}