{
  "mask": 0.42338,
  "vaccine": 46.38399,
  "capacity": 39.12332,
  "lockdown": 35.44613,
  "selfiso": 86.8914
}