{
  "mask": 0.00423,
  "vaccine": 0.46384,
  "capacity": 0.39123,
  "lockdown": 0.35446,
  "selfiso": 0.86891
}