{
  "mask": 0.17694,
  "vaccine": 0.69536,
  "capacity": 0.30493,
  "lockdown": 0.95785,
  "selfiso": 0.01566
}