{
  "mask": 52.49784,
  "vaccine": 32.10005,
  "capacity": 36.15411,
  "lockdown": 66.21142,
  "selfiso": 97.65023
}