{
  "mask": 0.52498,
  "vaccine": 0.321,
  "capacity": 0.36154,
  "lockdown": 0.66211,
  "selfiso": 0.9765
}