{
  "mask": 0.11162,
  "vaccine": 0.35837,
  "capacity": 0.43378,
  "lockdown": 0.9355,
  "selfiso": 0.21833
}