{
  "mask": 11.16175,
  "vaccine": 35.83738,
  "capacity": 43.37835,
  "lockdown": 93.55008,
  "selfiso": 21.8326
}