{
  "mask": 0.49369,
  "vaccine": 0.43443,
  "capacity": 0.62424,
  "lockdown": 0.12008,
  "selfiso": 0.91412
}