{
  "mask": 49.36878,
  "vaccine": 43.44345,
  "capacity": 62.42429,
  "lockdown": 12.00832,
  "selfiso": 91.41238
}