{
  "mask": 0.85475,
  "vaccine": 0.95774,
  "capacity": 0.07697,
  "lockdown": 0.74033,
  "selfiso": 0.4365
}