{
  "mask": 63.24861,
  "vaccine": 50.94741,
  "capacity": 65.72168,
  "lockdown": 29.86805,
  "selfiso": 93.46492
}