{
  "mask": 0.63249,
  "vaccine": 0.50947,
  "capacity": 0.65722,
  "lockdown": 0.29868,
  "selfiso": 0.93465
}