{
  "mask": 0.40015,
  "vaccine": 0.99675,
  "capacity": 0.52049,
  "lockdown": 0.88459,
  "selfiso": 0.7978
}