{
  "mask": 40.01498,
  "vaccine": 99.67492,
  "capacity": 52.04886,
  "lockdown": 88.45864,
  "selfiso": 79.78037
}