{
  "mask": 0.42018,
  "vaccine": 0.82151,
  "capacity": 0.52579,
  "lockdown": 0.71457,
  "selfiso": 0.46694
}