{
  "mask": 42.01816,
  "vaccine": 82.15096,
  "capacity": 52.57906,
  "lockdown": 71.45692,
  "selfiso": 46.69354
}