{
  "mask": 20.23126,
  "vaccine": 48.52436,
  "capacity": 70.05757,
  "lockdown": 95.47819,
  "selfiso": 0.12976
}