{
  "mask": 0.20231,
  "vaccine": 0.48524,
  "capacity": 0.70058,
  "lockdown": 0.95478,
  "selfiso": 0.0013
}