{
  "mask": 76.50756,
  "vaccine": 22.7109,
  "capacity": 2.64278,
  "lockdown": 88.92228,
  "selfiso": 56.74628
}