{
  "mask": 0.76508,
  "vaccine": 0.22711,
  "capacity": 0.02643,
  "lockdown": 0.88922,
  "selfiso": 0.56746
}