{
  "mask": 0.8203,
  "vaccine": 0.92844,
  "capacity": 0.80571,
  "lockdown": 0.31689,
  "selfiso": 0.14985
}