{
  "mask": 0.92517,
  "vaccine": 0.96273,
  "capacity": 0.83484,
  "lockdown": 0.33822,
  "selfiso": 0.68417
}