{
  "mask": 92.51681,
  "vaccine": 96.27251,
  "capacity": 83.48368,
  "lockdown": 33.82162,
  "selfiso": 68.4168
}