{
  "mask": 0.65424,
  "vaccine": 0.19789,
  "capacity": 0.84389,
  "lockdown": 0.63741,
  "selfiso": 0.75378
}