{
  "mask": 0.95696,
  "vaccine": 0.91154,
  "capacity": 0.27557,
  "lockdown": 0.96964,
  "selfiso": 0.11511
}