{
  "mask": 65.4239,
  "vaccine": 19.78853,
  "capacity": 84.38917,
  "lockdown": 63.74104,
  "selfiso": 75.37781
}