{
  "mask": 0.08845,
  "vaccine": 0.08949,
  "capacity": 0.18327,
  "lockdown": 0.36888,
  "selfiso": 0.17225
}