{
  "mask": 15.71122,
  "vaccine": 98.73725,
  "capacity": 98.08166,
  "lockdown": 75.72204,
  "selfiso": 29.80621
}