{
  "mask": 0.15711,
  "vaccine": 0.98737,
  "capacity": 0.98082,
  "lockdown": 0.75722,
  "selfiso": 0.29806
}