{
  "mask": 48.14012,
  "vaccine": 99.29137,
  "capacity": 81.77886,
  "lockdown": 42.66192,
  "selfiso": 30.85532
}