{
  "mask": 0.4814,
  "vaccine": 0.99291,
  "capacity": 0.81779,
  "lockdown": 0.42662,
  "selfiso": 0.30855
}