{
  "mask": 0.38334,
  "vaccine": 0.79768,
  "capacity": 0.3557,
  "lockdown": 0.09111,
  "selfiso": 0.88164
}