{
  "mask": 38.33444,
  "vaccine": 79.76797,
  "capacity": 35.57001,
  "lockdown": 9.11122,
  "selfiso": 88.16379
}