{
  "mask": 45.86369,
  "vaccine": 20.07825,
  "capacity": 97.48359,
  "lockdown": 25.15713,
  "selfiso": 50.63937
}