{
  "mask": 0.45864,
  "vaccine": 0.20078,
  "capacity": 0.97484,
  "lockdown": 0.25157,
  "selfiso": 0.50639
}