{
  "mask": 0.93748,
  "vaccine": 0.12273,
  "capacity": 0.56994,
  "lockdown": 0.8298,
  "selfiso": 0.49721
}