{
  "mask": 93.74813,
  "vaccine": 12.27254,
  "capacity": 56.99361,
  "lockdown": 82.97968,
  "selfiso": 49.72069
}