{
  "mask": 99.75291,
  "vaccine": 76.06192,
  "capacity": 60.39241,
  "lockdown": 69.40531,
  "selfiso": 69.37969
}