{
  "mask": 0.99753,
  "vaccine": 0.76062,
  "capacity": 0.60392,
  "lockdown": 0.69405,
  "selfiso": 0.6938
}