{
  "mask": 0.24725,
  "vaccine": 0.86225,
  "capacity": 0.25009,
  "lockdown": 0.35517,
  "selfiso": 0.0274
}