{
  "mask": 24.72532,
  "vaccine": 86.22549,
  "capacity": 25.0087,
  "lockdown": 35.51682,
  "selfiso": 2.73988
}