{
  "mask": 62.28546,
  "vaccine": 72.79465,
  "capacity": 59.15101,
  "lockdown": 13.82075,
  "selfiso": 82.51432
}