{
  "mask": 0.62285,
  "vaccine": 0.72795,
  "capacity": 0.59151,
  "lockdown": 0.13821,
  "selfiso": 0.82514
}