{
  "mask": 0.53129,
  "vaccine": 0.56607,
  "capacity": 0.276,
  "lockdown": 0.01706,
  "selfiso": 0.25805
}