{
  "mask": 53.12929,
  "vaccine": 56.60713,
  "capacity": 27.60025,
  "lockdown": 1.70618,
  "selfiso": 25.80479
}