{
  "mask": 0.1798,
  "vaccine": 0.74614,
  "capacity": 0.07633,
  "lockdown": 0.84669,
  "selfiso": 0.8645
}