{
  "mask": 17.98001,
  "vaccine": 74.61423,
  "capacity": 7.63319,
  "lockdown": 84.66876,
  "selfiso": 86.45016
}