{
  "mask": 0.86362,
  "vaccine": 0.46651,
  "capacity": 0.16239,
  "lockdown": 0.70581,
  "selfiso": 0.70382
}