{
  "mask": 86.36182,
  "vaccine": 46.65081,
  "capacity": 16.23856,
  "lockdown": 70.58105,
  "selfiso": 70.38159
}