{
  "mask": 47.92096,
  "vaccine": 29.91639,
  "capacity": 4.82698,
  "lockdown": 84.23212,
  "selfiso": 26.77545
}