{
  "mask": 0.47921,
  "vaccine": 0.29916,
  "capacity": 0.04827,
  "lockdown": 0.84232,
  "selfiso": 0.26775
}