{
  "mask": 0.35065,
  "vaccine": 0.51323,
  "capacity": 0.32746,
  "lockdown": 0.4418,
  "selfiso": 0.51649
}