{
  "mask": 35.0645,
  "vaccine": 51.32303,
  "capacity": 32.74597,
  "lockdown": 44.17971,
  "selfiso": 51.64947
}