{
  "mask": 91.90101,
  "vaccine": 32.71021,
  "capacity": 47.53043,
  "lockdown": 7.63403,
  "selfiso": 76.1849
}