{
  "mask": 0.91901,
  "vaccine": 0.3271,
  "capacity": 0.4753,
  "lockdown": 0.07634,
  "selfiso": 0.76185
}