{
  "mask": 42.77195,
  "vaccine": 33.85277,
  "capacity": 33.38052,
  "lockdown": 10.56076,
  "selfiso": 8.7222
}