{
  "mask": 0.42772,
  "vaccine": 0.33853,
  "capacity": 0.33381,
  "lockdown": 0.10561,
  "selfiso": 0.08722
}