{
  "mask": 0.98265,
  "vaccine": 0.69088,
  "capacity": 0.61088,
  "lockdown": 0.83938,
  "selfiso": 0.92578
}