{
  "mask": 98.26483,
  "vaccine": 69.08784,
  "capacity": 61.08752,
  "lockdown": 83.93767,
  "selfiso": 92.57815
}