{
  "mask": 0.0911,
  "vaccine": 0.63949,
  "capacity": 0.20837,
  "lockdown": 0.85221,
  "selfiso": 0.62232
}