{
  "mask": 9.10997,
  "vaccine": 63.94929,
  "capacity": 20.83741,
  "lockdown": 85.22072,
  "selfiso": 62.23198
}