{
  "mask": 73.72774,
  "vaccine": 65.78382,
  "capacity": 91.31267,
  "lockdown": 32.39981,
  "selfiso": 59.71798
}