{
  "mask": 0.73728,
  "vaccine": 0.65784,
  "capacity": 0.91313,
  "lockdown": 0.324,
  "selfiso": 0.59718
}