{
  "mask": 0.81385,
  "vaccine": 0.83288,
  "capacity": 0.29998,
  "lockdown": 0.98846,
  "selfiso": 0.3027
}