{
  "mask": 81.38534,
  "vaccine": 83.28821,
  "capacity": 29.99807,
  "lockdown": 98.84571,
  "selfiso": 30.26978
}