{
  "mask": 0.36526,
  "vaccine": 0.00638,
  "capacity": 0.4158,
  "lockdown": 0.19586,
  "selfiso": 0.66089
}