{
  "mask": 36.52647,
  "vaccine": 0.63765,
  "capacity": 41.58026,
  "lockdown": 19.58626,
  "selfiso": 66.0886
}