{
  "mask": 0.78675,
  "vaccine": 0.06678,
  "capacity": 0.82516,
  "lockdown": 0.17973,
  "selfiso": 0.28933
}