{
  "mask": 0.86698,
  "vaccine": 0.48713,
  "capacity": 0.40065,
  "lockdown": 0.67891,
  "selfiso": 0.39731
}