{
  "mask": 78.67452,
  "vaccine": 6.67833,
  "capacity": 82.51615,
  "lockdown": 17.97263,
  "selfiso": 28.9328
}