{
  "mask": 32.50368,
  "vaccine": 57.81899,
  "capacity": 58.09417,
  "lockdown": 28.17874,
  "selfiso": 7.3658
}