{
  "mask": 0.32504,
  "vaccine": 0.57819,
  "capacity": 0.58094,
  "lockdown": 0.28179,
  "selfiso": 0.07366
}