{
  "mask": 0.12015,
  "vaccine": 0.13276,
  "capacity": 0.74377,
  "lockdown": 0.26715,
  "selfiso": 0.03463
}