{
  "mask": 0.73898,
  "vaccine": 0.57891,
  "capacity": 0.00953,
  "lockdown": 0.04205,
  "selfiso": 0.94116
}