{
  "mask": 0.35975,
  "vaccine": 0.88473,
  "capacity": 0.35238,
  "lockdown": 0.24051,
  "selfiso": 0.01529
}