{
  "mask": 35.97457,
  "vaccine": 88.47286,
  "capacity": 35.23816,
  "lockdown": 24.05129,
  "selfiso": 1.52893
}