{
  "mask": 43.07381,
  "vaccine": 25.00995,
  "capacity": 96.04524,
  "lockdown": 61.76344,
  "selfiso": 48.25686
}