{
  "mask": 0.43074,
  "vaccine": 0.2501,
  "capacity": 0.96045,
  "lockdown": 0.61763,
  "selfiso": 0.48257
}