{
  "mask": 93.33582,
  "vaccine": 9.86575,
  "capacity": 15.88869,
  "lockdown": 59.87871,
  "selfiso": 61.81277
}