{
  "mask": 0.93336,
  "vaccine": 0.09866,
  "capacity": 0.15889,
  "lockdown": 0.59879,
  "selfiso": 0.61813
}