{
  "mask": 17.09562,
  "vaccine": 43.82735,
  "capacity": 9.33957,
  "lockdown": 20.28793,
  "selfiso": 17.2799
}