{
  "mask": 0.17096,
  "vaccine": 0.43827,
  "capacity": 0.0934,
  "lockdown": 0.20288,
  "selfiso": 0.1728
}