infected_person_id,infector_id,location_id,variant,timestep,mask,vaccine,capacity,lockdown,selfiso
16,17,7,Delta,1380,0.11824,0.07369,0.8935,0.8782,0.44099
18,17,7,Delta,1440,0.11824,0.07369,0.8935,0.8782,0.44099
20,19,8,Omicron,1020,0.11824,0.07369,0.8935,0.8782,0.44099
14,17,7,Delta,180,0.11824,0.07369,0.8935,0.8782,0.44099
17,19,2,Omicron,1140,0.11824,0.07369,0.8935,0.8782,0.44099
19,17,2,Delta,1140,0.11824,0.07369,0.8935,0.8782,0.44099
28,17,10,Delta,480,0.11824,0.07369,0.8935,0.8782,0.44099
168,17,10,Delta,480,0.11824,0.07369,0.8935,0.8782,0.44099
12,19,13,Omicron,900,0.11824,0.07369,0.8935,0.8782,0.44099
15,17,7,Delta,600,0.11824,0.07369,0.8935,0.8782,0.44099
44,19,13,Omicron,1380,0.11824,0.07369,0.8935,0.8782,0.44099
57,19,13,Omicron,900,0.11824,0.07369,0.8935,0.8782,0.44099
93,19,13,Omicron,900,0.11824,0.07369,0.8935,0.8782,0.44099
24,19,9,Omicron,960,0.11824,0.07369,0.8935,0.8782,0.44099
137,17,2,Delta,960,0.11824,0.07369,0.8935,0.8782,0.44099
132,17,2,Delta,1020,0.11824,0.07369,0.8935,0.8782,0.44099
128,19,2,Omicron,1140,0.11824,0.07369,0.8935,0.8782,0.44099
6,19,13,Omicron,1320,0.11824,0.07369,0.8935,0.8782,0.44099
48,19,13,Omicron,1320,0.11824,0.07369,0.8935,0.8782,0.44099
49,19,13,Omicron,1320,0.11824,0.07369,0.8935,0.8782,0.44099
51,19,13,Omicron,1320,0.11824,0.07369,0.8935,0.8782,0.44099
77,19,13,Omicron,1320,0.11824,0.07369,0.8935,0.8782,0.44099
135,19,13,Omicron,1320,0.11824,0.07369,0.8935,0.8782,0.44099
33,19,13,Omicron,1380,0.11824,0.07369,0.8935,0.8782,0.44099
125,19,13,Omicron,1380,0.11824,0.07369,0.8935,0.8782,0.44099
143,19,13,Omicron,1380,0.11824,0.07369,0.8935,0.8782,0.44099
144,19,13,Omicron,1440,0.11824,0.07369,0.8935,0.8782,0.44099
