{
  "mask": 0.11824,
  "vaccine": 0.07369,
  "capacity": 0.8935,
  "lockdown": 0.8782,
  "selfiso": 0.44099
}