{
  "mask": 11.82363,
  "vaccine": 7.36883,
  "capacity": 89.34951,
  "lockdown": 87.82016,
  "selfiso": 44.09917
}