{
  "mask": 0.43704,
  "vaccine": 0.27535,
  "capacity": 0.87706,
  "lockdown": 0.37307,
  "selfiso": 0.68943
}