{
  "mask": 43.704,
  "vaccine": 27.53493,
  "capacity": 87.70594,
  "lockdown": 37.3073,
  "selfiso": 68.94293
}