{
  "mask": 0.8722,
  "vaccine": 0.59239,
  "capacity": 0.06716,
  "lockdown": 0.21936,
  "selfiso": 0.24842
}