{
  "mask": 87.21979,
  "vaccine": 59.23931,
  "capacity": 6.71566,
  "lockdown": 21.9357,
  "selfiso": 24.84247
}