{
  "mask": 0.59528,
  "vaccine": 0.67142,
  "capacity": 0.83815,
  "lockdown": 0.10815,
  "selfiso": 0.98435
}