{
  "mask": 0.60882,
  "vaccine": 0.63285,
  "capacity": 0.49454,
  "lockdown": 0.92704,
  "selfiso": 0.95609
}