{
  "mask": 60.8821,
  "vaccine": 63.28545,
  "capacity": 49.45386,
  "lockdown": 92.7037,
  "selfiso": 95.60865
}