{
  "mask": 75.29334,
  "vaccine": 87.07235,
  "capacity": 34.54559,
  "lockdown": 79.189,
  "selfiso": 99.00825
}