{
  "mask": 0.75293,
  "vaccine": 0.87072,
  "capacity": 0.34546,
  "lockdown": 0.79189,
  "selfiso": 0.99008
}