{
  "mask": 61.91579,
  "vaccine": 95.35707,
  "capacity": 77.63928,
  "lockdown": 86.26152,
  "selfiso": 67.98177
}