{
  "mask": 0.61916,
  "vaccine": 0.95357,
  "capacity": 0.77639,
  "lockdown": 0.86262,
  "selfiso": 0.67982
}