{
  "mask": 0.97026,
  "vaccine": 0.27237,
  "capacity": 0.80547,
  "lockdown": 0.77736,
  "selfiso": 0.08112
}