{
  "mask": 97.02599,
  "vaccine": 27.23749,
  "capacity": 80.54715,
  "lockdown": 77.73614,
  "selfiso": 8.11183
}