{
  "original_interventions": {
    "mask": 0.16887,
    "vaccine": 0.68049,
    "capacity": 0.18113,
    "lockdown": 0.00693,
    "selfiso": 0.11312
  },
  "scaled_parameters": {
    "mask": 0.16887,
    "vaccine": 0.0068049,
    "capacity": 0.0018113,
    "lockdown": 6.93e-05,
    "selfiso": 0.0011312
  },
  "final_payload": {
    "location": "barnsdall",
    "length": 1440,
    "mask": 0.16887,
    "vaccine": 0.0068049,
    "capacity": 0.0018113,
    "lockdown": 6.93e-05,
    "selfiso": 0.0011312
  },
  "masking_keys_found": [
    "mask"
  ]
}