{
  "mask": 92.42217,
  "vaccine": 8.70123,
  "capacity": 84.95283,
  "lockdown": 79.51734,
  "selfiso": 78.7828
}