{
  "mask": 0.92422,
  "vaccine": 0.08701,
  "capacity": 0.84953,
  "lockdown": 0.79517,
  "selfiso": 0.78783
}