{
  "mask": 0.55689,
  "vaccine": 0.62805,
  "capacity": 0.67811,
  "lockdown": 0.08069,
  "selfiso": 0.59131
}