{
  "mask": 18.37174,
  "vaccine": 95.61273,
  "capacity": 92.51915,
  "lockdown": 60.21977,
  "selfiso": 72.56214
}