{
  "mask": 0.18372,
  "vaccine": 0.95613,
  "capacity": 0.92519,
  "lockdown": 0.6022,
  "selfiso": 0.72562
}