{
  "mask": 0.65487,
  "vaccine": 0.80451,
  "capacity": 0.58077,
  "lockdown": 0.56879,
  "selfiso": 0.30249
}