{
  "mask": 0.68273,
  "vaccine": 0.44331,
  "capacity": 0.23917,
  "lockdown": 0.70265,
  "selfiso": 0.35247
}