{
  "mask": 68.27341,
  "vaccine": 44.33059,
  "capacity": 23.91692,
  "lockdown": 70.26492,
  "selfiso": 35.24651
}