{
  "mask": 89.48757,
  "vaccine": 23.19625,
  "capacity": 15.17676,
  "lockdown": 76.22068,
  "selfiso": 37.68046
}