{
  "mask": 0.89488,
  "vaccine": 0.23196,
  "capacity": 0.15177,
  "lockdown": 0.76221,
  "selfiso": 0.3768
}