{
  "mask": 0.60385,
  "vaccine": 0.64127,
  "capacity": 0.08748,
  "lockdown": 0.95911,
  "selfiso": 0.15312
}