{
  "mask": 0.43542,
  "vaccine": 0.28509,
  "capacity": 0.64993,
  "lockdown": 0.79646,
  "selfiso": 0.13247
}