{
  "mask": 60.38546,
  "vaccine": 64.12716,
  "capacity": 8.74818,
  "lockdown": 95.91146,
  "selfiso": 15.31173
}