{
  "mask": 79.12549,
  "vaccine": 89.54648,
  "capacity": 69.31064,
  "lockdown": 10.41017,
  "selfiso": 11.80701
}