{
  "mask": 0.79125,
  "vaccine": 0.89546,
  "capacity": 0.69311,
  "lockdown": 0.1041,
  "selfiso": 0.11807
}