{
  "mask": 0.46051,
  "vaccine": 0.83614,
  "capacity": 0.00154,
  "lockdown": 0.72261,
  "selfiso": 0.58025
}