{
  "mask": 46.05054,
  "vaccine": 83.61441,
  "capacity": 0.15445,
  "lockdown": 72.2613,
  "selfiso": 58.02481
}