{
  "mask": 0.94738,
  "vaccine": 0.16631,
  "capacity": 0.51706,
  "lockdown": 0.33197,
  "selfiso": 0.45744
}