{
  "mask": 94.73827,
  "vaccine": 16.63124,
  "capacity": 51.70638,
  "lockdown": 33.19661,
  "selfiso": 45.74371
}