{
  "mask": 0.33046,
  "vaccine": 0.62467,
  "capacity": 0.63699,
  "lockdown": 0.67289,
  "selfiso": 0.12518
}