{
  "mask": 33.04632,
  "vaccine": 62.46679,
  "capacity": 63.69945,
  "lockdown": 67.28941,
  "selfiso": 12.51761
}