{
  "mask": 2.18882,
  "vaccine": 69.79793,
  "capacity": 54.45218,
  "lockdown": 73.49547,
  "selfiso": 29.23711
}