{
  "mask": 0.02189,
  "vaccine": 0.69798,
  "capacity": 0.54452,
  "lockdown": 0.73495,
  "selfiso": 0.29237
}