{
  "mask": 69.01138,
  "vaccine": 47.53692,
  "capacity": 46.53775,
  "lockdown": 56.20364,
  "selfiso": 41.43191
}