{
  "mask": 0.69011,
  "vaccine": 0.47537,
  "capacity": 0.46538,
  "lockdown": 0.56204,
  "selfiso": 0.41432
}