{
  "mask": 0.44048,
  "vaccine": 0.7487,
  "capacity": 0.11232,
  "lockdown": 0.7077,
  "selfiso": 0.78831
}