{
  "mask": 41.51194,
  "vaccine": 2.21741,
  "capacity": 59.80802,
  "lockdown": 77.19258,
  "selfiso": 75.7077
}