{
  "mask": 0.41512,
  "vaccine": 0.02217,
  "capacity": 0.59808,
  "lockdown": 0.77193,
  "selfiso": 0.75708
}