{
  "mask": 12.33047,
  "vaccine": 92.81324,
  "capacity": 44.89149,
  "lockdown": 85.7638,
  "selfiso": 14.61646
}