{
  "mask": 0.1233,
  "vaccine": 0.92813,
  "capacity": 0.44891,
  "lockdown": 0.85764,
  "selfiso": 0.14616
}