{
  "mask": 96.10744,
  "vaccine": 28.122,
  "capacity": 4.48697,
  "lockdown": 34.95816,
  "selfiso": 33.40685
}