{
  "mask": 0.96107,
  "vaccine": 0.28122,
  "capacity": 0.04487,
  "lockdown": 0.34958,
  "selfiso": 0.33407
}