{
  "mask": 0.47049,
  "vaccine": 0.88574,
  "capacity": 0.48774,
  "lockdown": 0.80029,
  "selfiso": 0.84021
}