{
  "mask": 47.0487,
  "vaccine": 88.57375,
  "capacity": 48.7738,
  "lockdown": 80.02873,
  "selfiso": 84.02116
}