{
  "mask": 0.14195,
  "vaccine": 0.18295,
  "capacity": 0.43095,
  "lockdown": 0.98115,
  "selfiso": 0.76085
}