{
  "mask": 57.70951,
  "vaccine": 1.17188,
  "capacity": 99.71472,
  "lockdown": 18.14813,
  "selfiso": 89.23532
}