{
  "mask": 0.5771,
  "vaccine": 0.01172,
  "capacity": 0.99715,
  "lockdown": 0.18148,
  "selfiso": 0.89235
}