{
  "mask": 7.51824,
  "vaccine": 41.37093,
  "capacity": 31.25041,
  "lockdown": 80.66459,
  "selfiso": 64.54524
}