{
  "mask": 0.07518,
  "vaccine": 0.41371,
  "capacity": 0.3125,
  "lockdown": 0.80665,
  "selfiso": 0.64545
}