{
  "mask": 0.19765,
  "vaccine": 0.04244,
  "capacity": 0.05233,
  "lockdown": 0.23087,
  "selfiso": 0.73222
}