{
  "mask": 19.76481,
  "vaccine": 4.2443,
  "capacity": 5.23298,
  "lockdown": 23.08678,
  "selfiso": 73.22177
}