{
  "mask": 22.25596,
  "vaccine": 26.15491,
  "capacity": 6.44848,
  "lockdown": 96.60371,
  "selfiso": 49.22655
}