{
  "mask": 0.22256,
  "vaccine": 0.26155,
  "capacity": 0.06448,
  "lockdown": 0.96604,
  "selfiso": 0.49227
}