{
  "mask": 0.24426,
  "vaccine": 0.60892,
  "capacity": 0.29165,
  "lockdown": 0.87448,
  "selfiso": 0.70751
}