{
  "mask": 24.42617,
  "vaccine": 60.89247,
  "capacity": 29.16529,
  "lockdown": 87.44831,
  "selfiso": 70.75144
}