{
  "mask": 0.53705,
  "vaccine": 0.8957,
  "capacity": 0.78661,
  "lockdown": 0.01793,
  "selfiso": 0.09006
}