{
  "mask": 90.78019,
  "vaccine": 74.23434,
  "capacity": 24.828,
  "lockdown": 54.4903,
  "selfiso": 44.5452
}