{
  "mask": 0.9078,
  "vaccine": 0.74234,
  "capacity": 0.24828,
  "lockdown": 0.5449,
  "selfiso": 0.44545
}