{
  "mask": 0.97121,
  "vaccine": 0.46937,
  "capacity": 0.09312,
  "lockdown": 0.45961,
  "selfiso": 0.70181
}