{
  "mask": 0.53727,
  "vaccine": 0.35035,
  "capacity": 0.32047,
  "lockdown": 0.56743,
  "selfiso": 0.9439
}