{
  "mask": 53.72733,
  "vaccine": 35.03541,
  "capacity": 32.04708,
  "lockdown": 56.74332,
  "selfiso": 94.3898
}