{
  "mask": 14.55251,
  "vaccine": 75.96504,
  "capacity": 43.53852,
  "lockdown": 2.43968,
  "selfiso": 47.10256
}