{
  "mask": 0.14553,
  "vaccine": 0.75965,
  "capacity": 0.43539,
  "lockdown": 0.0244,
  "selfiso": 0.47103
}