{
  "mask": 19.42955,
  "vaccine": 15.51957,
  "capacity": 78.83828,
  "lockdown": 81.59109,
  "selfiso": 98.56614
}