{
  "mask": 0.1943,
  "vaccine": 0.1552,
  "capacity": 0.78838,
  "lockdown": 0.81591,
  "selfiso": 0.98566
}