{
  "mask": 0.23401,
  "vaccine": 0.12516,
  "capacity": 0.09617,
  "lockdown": 0.83138,
  "selfiso": 0.77586
}