{
  "mask": 23.40102,
  "vaccine": 12.51568,
  "capacity": 9.61658,
  "lockdown": 83.1382,
  "selfiso": 77.58589
}