{
  "mask": 83.30633,
  "vaccine": 55.70929,
  "capacity": 26.66859,
  "lockdown": 30.00434,
  "selfiso": 50.35222
}