{
  "mask": 0.91225,
  "vaccine": 0.70837,
  "capacity": 0.36674,
  "lockdown": 0.14017,
  "selfiso": 0.19409
}