{
  "mask": 0.83306,
  "vaccine": 0.55709,
  "capacity": 0.26669,
  "lockdown": 0.30004,
  "selfiso": 0.50352
}