{
  "mask": 12.8918,
  "vaccine": 58.52097,
  "capacity": 1.90087,
  "lockdown": 25.99203,
  "selfiso": 28.04612
}