{
  "mask": 0.12892,
  "vaccine": 0.58521,
  "capacity": 0.01901,
  "lockdown": 0.25992,
  "selfiso": 0.28046
}