{
  "mask": 0.39567,
  "vaccine": 0.26084,
  "capacity": 0.29603,
  "lockdown": 0.77968,
  "selfiso": 0.40184
}