{
  "mask": 0.82953,
  "vaccine": 0.73112,
  "capacity": 0.73782,
  "lockdown": 0.14975,
  "selfiso": 0.54745
}