{
  "mask": 82.95345,
  "vaccine": 73.11199,
  "capacity": 73.78163,
  "lockdown": 14.97484,
  "selfiso": 54.74498
}