{
  "mask": 0.57814,
  "vaccine": 0.02448,
  "capacity": 0.93127,
  "lockdown": 0.29899,
  "selfiso": 0.9098
}