{
  "mask": 85.47291,
  "vaccine": 24.31198,
  "capacity": 21.12385,
  "lockdown": 19.11426,
  "selfiso": 54.41448
}