{
  "mask": 0.85473,
  "vaccine": 0.24312,
  "capacity": 0.21124,
  "lockdown": 0.19114,
  "selfiso": 0.54414
}