{
  "mask": 21.34881,
  "vaccine": 11.81686,
  "capacity": 79.73696,
  "lockdown": 11.5453,
  "selfiso": 80.28505
}