{
  "mask": 0.21349,
  "vaccine": 0.11817,
  "capacity": 0.79737,
  "lockdown": 0.11545,
  "selfiso": 0.80285
}