{
  "mask": 25.81562,
  "vaccine": 98.02325,
  "capacity": 45.63514,
  "lockdown": 74.22273,
  "selfiso": 31.85579
}