{
  "mask": 0.25816,
  "vaccine": 0.98023,
  "capacity": 0.45635,
  "lockdown": 0.74223,
  "selfiso": 0.31856
}