{
  "mask": 0.68742,
  "vaccine": 0.79428,
  "capacity": 0.92124,
  "lockdown": 0.50843,
  "selfiso": 0.77294
}