{
  "mask": 94.41529,
  "vaccine": 31.84153,
  "capacity": 99.2858,
  "lockdown": 22.95372,
  "selfiso": 57.03672
}