{
  "mask": 0.94415,
  "vaccine": 0.31842,
  "capacity": 0.99286,
  "lockdown": 0.22954,
  "selfiso": 0.57037
}