{
  "mask": 0.39309,
  "vaccine": 0.54654,
  "capacity": 0.79171,
  "lockdown": 0.11045,
  "selfiso": 0.32561
}