{
  "mask": 39.30878,
  "vaccine": 54.65371,
  "capacity": 79.17141,
  "lockdown": 11.04506,
  "selfiso": 32.56058
}