{
  "mask": 0.61168,
  "vaccine": 0.85547,
  "capacity": 0.25689,
  "lockdown": 0.78653,
  "selfiso": 0.38526
}