{
  "mask": 61.16819,
  "vaccine": 85.54704,
  "capacity": 25.68943,
  "lockdown": 78.65319,
  "selfiso": 38.52583
}