{
  "mask": 0.02885,
  "vaccine": 0.05335,
  "capacity": 0.02412,
  "lockdown": 0.40002,
  "selfiso": 0.04079
}