{
  "mask": 0.87721,
  "vaccine": 0.57334,
  "capacity": 0.95103,
  "lockdown": 0.30501,
  "selfiso": 0.4152
}