{
  "mask": 87.72137,
  "vaccine": 57.33376,
  "capacity": 95.10306,
  "lockdown": 30.50057,
  "selfiso": 41.5198
}