{
  "mask": 0.82358,
  "vaccine": 0.30136,
  "capacity": 0.38166,
  "lockdown": 0.32523,
  "selfiso": 0.92232
}