{
  "mask": 82.35796,
  "vaccine": 30.13604,
  "capacity": 38.16619,
  "lockdown": 32.5231,
  "selfiso": 92.23214
}