{
  "mask": 63.79185,
  "vaccine": 48.35708,
  "capacity": 21.9154,
  "lockdown": 91.63501,
  "selfiso": 63.67582
}