{
  "mask": 0.63792,
  "vaccine": 0.48357,
  "capacity": 0.21915,
  "lockdown": 0.91635,
  "selfiso": 0.63676
}