{
  "original_interventions": {
    "mask": 0.82648,
    "vaccine": 0.13471,
    "capacity": 0.37808,
    "lockdown": 0.52024,
    "selfiso": 0.88168
  },
  "scaled_parameters": {
    "mask": 0.82648,
    "vaccine": 0.0013471,
    "capacity": 0.0037808000000000004,
    "lockdown": 0.0052024,
    "selfiso": 0.0088168
  },
  "final_payload": {
    "location": "barnsdall",
    "length": 1440,
    "mask": 0.82648,
    "vaccine": 0.0013471,
    "capacity": 0.0037808000000000004,
    "lockdown": 0.0052024,
    "selfiso": 0.0088168
  },
  "masking_keys_found": [
    "mask"
  ]
}