{
  "mask": 0.20265,
  "vaccine": 0.55347,
  "capacity": 0.23781,
  "lockdown": 0.55202,
  "selfiso": 0.82817
}