{
  "mask": 98.56621,
  "vaccine": 34.33677,
  "capacity": 5.94521,
  "lockdown": 20.8006,
  "selfiso": 9.7042
}