{
  "mask": 0.98566,
  "vaccine": 0.34337,
  "capacity": 0.05945,
  "lockdown": 0.20801,
  "selfiso": 0.09704
}