{
  "mask": 45.22724,
  "vaccine": 62.58177,
  "capacity": 3.30601,
  "lockdown": 5.04858,
  "selfiso": 76.71139
}