{
  "mask": 0.45227,
  "vaccine": 0.62582,
  "capacity": 0.03306,
  "lockdown": 0.05049,
  "selfiso": 0.76711
}