{
  "mask": 0.37843,
  "vaccine": 0.93096,
  "capacity": 0.27311,
  "lockdown": 0.64743,
  "selfiso": 0.21414
}