{
  "mask": 37.84317,
  "vaccine": 93.09628,
  "capacity": 27.31096,
  "lockdown": 64.74287,
  "selfiso": 21.41368
}