{
  "mask": 4.52964,
  "vaccine": 76.87297,
  "capacity": 48.11481,
  "lockdown": 69.55792,
  "selfiso": 19.82487
}