{
  "mask": 0.0453,
  "vaccine": 0.76873,
  "capacity": 0.48115,
  "lockdown": 0.69558,
  "selfiso": 0.19825
}