{
  "mask": 0.05223,
  "vaccine": 0.86586,
  "capacity": 0.50717,
  "lockdown": 0.4133,
  "selfiso": 0.39527
}