{
  "mask": 5.22261,
  "vaccine": 86.58647,
  "capacity": 50.71701,
  "lockdown": 41.32965,
  "selfiso": 39.52742
}