{
  "mask": 0.16097,
  "vaccine": 0.23972,
  "capacity": 0.33652,
  "lockdown": 0.57746,
  "selfiso": 0.06396
}