{
  "mask": 16.09719,
  "vaccine": 23.97173,
  "capacity": 33.6518,
  "lockdown": 57.74581,
  "selfiso": 6.39647
}