{
  "mask": 85.77953,
  "vaccine": 7.75646,
  "capacity": 20.14425,
  "lockdown": 91.03944,
  "selfiso": 65.88829
}