{
  "mask": 0.8578,
  "vaccine": 0.07756,
  "capacity": 0.20144,
  "lockdown": 0.91039,
  "selfiso": 0.65888
}