{
  "mask": 2.63109,
  "vaccine": 29.49401,
  "capacity": 65.47024,
  "lockdown": 38.14949,
  "selfiso": 5.78338
}