{
  "mask": 0.02631,
  "vaccine": 0.29494,
  "capacity": 0.6547,
  "lockdown": 0.38149,
  "selfiso": 0.05783
}