{
  "mask": 90.00562,
  "vaccine": 59.82848,
  "capacity": 78.22798,
  "lockdown": 14.04876,
  "selfiso": 39.23376
}