{
  "mask": 0.90006,
  "vaccine": 0.59828,
  "capacity": 0.78228,
  "lockdown": 0.14049,
  "selfiso": 0.39234
}