{
  "mask": 54.55814,
  "vaccine": 97.84448,
  "capacity": 93.0546,
  "lockdown": 40.29323,
  "selfiso": 64.27605
}