{
  "mask": 0.54558,
  "vaccine": 0.97844,
  "capacity": 0.93055,
  "lockdown": 0.40293,
  "selfiso": 0.64276
}