{
  "mask": 0.10295,
  "vaccine": 0.10851,
  "capacity": 0.82298,
  "lockdown": 0.12643,
  "selfiso": 0.87948
}