{
  "mask": 0.77178,
  "vaccine": 0.73402,
  "capacity": 0.91192,
  "lockdown": 0.58573,
  "selfiso": 0.25793
}