{
  "mask": 10.29458,
  "vaccine": 10.85055,
  "capacity": 82.29798,
  "lockdown": 12.64333,
  "selfiso": 87.94827
}