{
  "mask": 40.75492,
  "vaccine": 18.64834,
  "capacity": 11.20882,
  "lockdown": 66.58789,
  "selfiso": 52.65183
}