{
  "mask": 0.40755,
  "vaccine": 0.18648,
  "capacity": 0.11209,
  "lockdown": 0.66588,
  "selfiso": 0.52652
}