{
  "mask": 0.1015,
  "vaccine": 0.25938,
  "capacity": 0.73323,
  "lockdown": 0.13255,
  "selfiso": 0.34194
}