{
  "mask": 0.59038,
  "vaccine": 0.81484,
  "capacity": 0.44331,
  "lockdown": 0.06814,
  "selfiso": 0.04549
}