{
  "mask": 59.03754,
  "vaccine": 81.48445,
  "capacity": 44.3307,
  "lockdown": 6.81364,
  "selfiso": 4.54858
}