{
  "mask": 0.46346,
  "vaccine": 0.84193,
  "capacity": 0.14735,
  "lockdown": 0.82648,
  "selfiso": 0.73403
}