{
  "mask": 0.77587,
  "vaccine": 0.89048,
  "capacity": 0.66684,
  "lockdown": 0.31662,
  "selfiso": 0.69851
}