{
  "mask": 77.58654,
  "vaccine": 89.04833,
  "capacity": 66.6837,
  "lockdown": 31.66205,
  "selfiso": 69.85072
}