{
  "mask": 0.23871,
  "vaccine": 0.61533,
  "capacity": 0.13834,
  "lockdown": 0.07083,
  "selfiso": 0.99592
}