{
  "mask": 23.87108,
  "vaccine": 61.53343,
  "capacity": 13.83444,
  "lockdown": 7.08283,
  "selfiso": 99.59191
}