{
  "mask": 21.80033,
  "vaccine": 3.18798,
  "capacity": 98.98641,
  "lockdown": 53.27713,
  "selfiso": 61.37701
}