{
  "mask": 0.218,
  "vaccine": 0.03188,
  "capacity": 0.98986,
  "lockdown": 0.53277,
  "selfiso": 0.61377
}