{
  "mask": 66.08129,
  "vaccine": 31.3951,
  "capacity": 40.61709,
  "lockdown": 96.1581,
  "selfiso": 89.69678
}