{
  "mask": 0.66081,
  "vaccine": 0.31395,
  "capacity": 0.40617,
  "lockdown": 0.96158,
  "selfiso": 0.89697
}