{
  "mask": 0.89665,
  "vaccine": 0.53942,
  "capacity": 0.80368,
  "lockdown": 0.86883,
  "selfiso": 0.13847
}