{
  "mask": 0.92661,
  "vaccine": 0.53768,
  "capacity": 0.69473,
  "lockdown": 0.07531,
  "selfiso": 0.37387
}