{
  "mask": 89.66519,
  "vaccine": 53.94209,
  "capacity": 80.36829,
  "lockdown": 86.88282,
  "selfiso": 13.84679
}