{
  "mask": 0.32457,
  "vaccine": 0.71929,
  "capacity": 0.8571,
  "lockdown": 0.01106,
  "selfiso": 0.15629
}