{
  "mask": 32.45686,
  "vaccine": 71.92878,
  "capacity": 85.7103,
  "lockdown": 1.10632,
  "selfiso": 15.6285
}