{
  "mask": 0.37145,
  "vaccine": 0.87673,
  "capacity": 0.12177,
  "lockdown": 0.48174,
  "selfiso": 0.43905
}