{
  "mask": 37.1451,
  "vaccine": 87.67254,
  "capacity": 12.17674,
  "lockdown": 48.17359,
  "selfiso": 43.90496
}