{
  "mask": 10.52381,
  "vaccine": 80.89145,
  "capacity": 42.00642,
  "lockdown": 53.55533,
  "selfiso": 13.11791
}