{
  "mask": 0.10524,
  "vaccine": 0.80891,
  "capacity": 0.42006,
  "lockdown": 0.53555,
  "selfiso": 0.13118
}