{
  "mask": 0.27151,
  "vaccine": 0.78187,
  "capacity": 0.13204,
  "lockdown": 0.38095,
  "selfiso": 0.29343
}