{
  "mask": 0.86788,
  "vaccine": 0.93547,
  "capacity": 0.17801,
  "lockdown": 0.50024,
  "selfiso": 0.20336
}