{
  "mask": 86.78787,
  "vaccine": 93.54676,
  "capacity": 17.8009,
  "lockdown": 50.02382,
  "selfiso": 20.33582
}