{
  "mask": 8.92104,
  "vaccine": 39.85268,
  "capacity": 72.57672,
  "lockdown": 54.60131,
  "selfiso": 74.01246
}