{
  "mask": 0.08921,
  "vaccine": 0.39853,
  "capacity": 0.72577,
  "lockdown": 0.54601,
  "selfiso": 0.74012
}