{
  "mask": 0.07423,
  "vaccine": 0.49665,
  "capacity": 0.14737,
  "lockdown": 0.36465,
  "selfiso": 0.5227
}