{
  "mask": 7.42339,
  "vaccine": 49.6652,
  "capacity": 14.73672,
  "lockdown": 36.46466,
  "selfiso": 52.26965
}