{
  "mask": 14.05673,
  "vaccine": 66.00414,
  "capacity": 86.53363,
  "lockdown": 89.76164,
  "selfiso": 9.47442
}