{
  "mask": 0.14057,
  "vaccine": 0.66004,
  "capacity": 0.86534,
  "lockdown": 0.89762,
  "selfiso": 0.09474
}