{
  "mask": 80.36511,
  "vaccine": 66.74192,
  "capacity": 55.81687,
  "lockdown": 34.20433,
  "selfiso": 51.21045
}