{
  "mask": 0.80365,
  "vaccine": 0.66742,
  "capacity": 0.55817,
  "lockdown": 0.34204,
  "selfiso": 0.5121
}