{
  "mask": 73.12653,
  "vaccine": 14.96519,
  "capacity": 93.78544,
  "lockdown": 44.8427,
  "selfiso": 4.29107
}