{
  "mask": 0.73127,
  "vaccine": 0.14965,
  "capacity": 0.93785,
  "lockdown": 0.44843,
  "selfiso": 0.04291
}