{
  "mask": 0.48879,
  "vaccine": 0.01524,
  "capacity": 0.01043,
  "lockdown": 0.36944,
  "selfiso": 0.57649
}