{
  "mask": 48.87861,
  "vaccine": 1.52406,
  "capacity": 1.04319,
  "lockdown": 36.94356,
  "selfiso": 57.64933
}