{
  "mask": 99.37491,
  "vaccine": 92.17794,
  "capacity": 68.04884,
  "lockdown": 48.80449,
  "selfiso": 73.76049
}