{
  "mask": 0.99375,
  "vaccine": 0.92178,
  "capacity": 0.68049,
  "lockdown": 0.48804,
  "selfiso": 0.7376
}