{
  "mask": 0.755,
  "vaccine": 0.86712,
  "capacity": 0.70195,
  "lockdown": 0.19218,
  "selfiso": 0.47042
}