{
  "mask": 36.18846,
  "vaccine": 34.7136,
  "capacity": 34.11373,
  "lockdown": 58.08255,
  "selfiso": 71.47029
}