{
  "mask": 0.36188,
  "vaccine": 0.34714,
  "capacity": 0.34114,
  "lockdown": 0.58083,
  "selfiso": 0.7147
}