{
  "mask": 0.98549,
  "vaccine": 8.01676,
  "capacity": 87.07276,
  "lockdown": 39.78985,
  "selfiso": 7.92648
}