{
  "mask": 0.00985,
  "vaccine": 0.08017,
  "capacity": 0.87073,
  "lockdown": 0.3979,
  "selfiso": 0.07926
}