{
  "mask": 0.05687,
  "vaccine": 0.06945,
  "capacity": 0.53917,
  "lockdown": 0.16013,
  "selfiso": 0.54933
}