{
  "mask": 0.34422,
  "vaccine": 0.30736,
  "capacity": 0.37479,
  "lockdown": 0.73503,
  "selfiso": 0.87233
}