{
  "mask": 34.42185,
  "vaccine": 30.73614,
  "capacity": 37.47936,
  "lockdown": 73.50337,
  "selfiso": 87.23319
}