{
  "mask": 0.64571,
  "vaccine": 0.52628,
  "capacity": 0.76619,
  "lockdown": 0.74597,
  "selfiso": 0.84994
}