{
  "mask": 64.57088,
  "vaccine": 52.62755,
  "capacity": 76.61858,
  "lockdown": 74.59741,
  "selfiso": 84.99404
}