{
  "mask": 0.15252,
  "vaccine": 0.11182,
  "capacity": 0.72296,
  "lockdown": 0.78454,
  "selfiso": 0.98442
}