{
  "mask": 15.252,
  "vaccine": 11.1817,
  "capacity": 72.29589,
  "lockdown": 78.45404,
  "selfiso": 98.44204
}