{
  "mask": 0.01441,
  "vaccine": 0.5313,
  "capacity": 0.16524,
  "lockdown": 0.40555,
  "selfiso": 0.81684
}