{
  "mask": 1.44054,
  "vaccine": 53.13026,
  "capacity": 16.52442,
  "lockdown": 40.55546,
  "selfiso": 81.68412
}