{
  "mask": 57.04799,
  "vaccine": 60.47693,
  "capacity": 54.78899,
  "lockdown": 45.6751,
  "selfiso": 95.49023
}