{
  "mask": 0.57048,
  "vaccine": 0.60477,
  "capacity": 0.54789,
  "lockdown": 0.45675,
  "selfiso": 0.9549
}