{
  "mask": 0.22192,
  "vaccine": 0.21908,
  "capacity": 0.95156,
  "lockdown": 0.507,
  "selfiso": 0.69961
}