{
  "mask": 97.84993,
  "vaccine": 56.21153,
  "capacity": 30.0172,
  "lockdown": 59.45955,
  "selfiso": 27.23746
}