{
  "mask": 0.9785,
  "vaccine": 0.56212,
  "capacity": 0.30017,
  "lockdown": 0.5946,
  "selfiso": 0.27237
}