{
  "mask": 0.27841,
  "vaccine": 0.00177,
  "capacity": 0.6403,
  "lockdown": 0.76681,
  "selfiso": 0.11321
}