{
  "mask": 27.84074,
  "vaccine": 0.17731,
  "capacity": 64.02982,
  "lockdown": 76.68142,
  "selfiso": 11.32123
}