infected_person_id,infector_id,location_id,variant,timestep,mask,vaccine,capacity,lockdown,selfiso
26,27,12,Omicron,1380,0.70174,0.06274,0.85179,0.72509,0.18763
28,27,10,Omicron,1140,0.70174,0.06274,0.85179,0.72509,0.18763
42,43,14,Delta,780,0.70174,0.06274,0.85179,0.72509,0.18763
44,43,14,Delta,600,0.70174,0.06274,0.85179,0.72509,0.18763
45,43,14,Delta,120,0.70174,0.06274,0.85179,0.72509,0.18763
30,43,20,Delta,1260,0.70174,0.06274,0.85179,0.72509,0.18763
87,27,10,Omicron,540,0.70174,0.06274,0.85179,0.72509,0.18763
109,27,13,Omicron,120,0.70174,0.06274,0.85179,0.72509,0.18763
127,27,13,Omicron,120,0.70174,0.06274,0.85179,0.72509,0.18763
140,27,10,Omicron,480,0.70174,0.06274,0.85179,0.72509,0.18763
170,27,13,Omicron,120,0.70174,0.06274,0.85179,0.72509,0.18763
36,27,12,Omicron,840,0.70174,0.06274,0.85179,0.72509,0.18763
25,27,12,Omicron,240,0.70174,0.06274,0.85179,0.72509,0.18763
39,27,12,Omicron,840,0.70174,0.06274,0.85179,0.72509,0.18763
143,43,32,Delta,240,0.70174,0.06274,0.85179,0.72509,0.18763
17,27,10,Omicron,480,0.70174,0.06274,0.85179,0.72509,0.18763
51,27,10,Omicron,480,0.70174,0.06274,0.85179,0.72509,0.18763
76,27,10,Omicron,480,0.70174,0.06274,0.85179,0.72509,0.18763
94,27,10,Omicron,480,0.70174,0.06274,0.85179,0.72509,0.18763
111,27,10,Omicron,480,0.70174,0.06274,0.85179,0.72509,0.18763
156,27,10,Omicron,480,0.70174,0.06274,0.85179,0.72509,0.18763
72,27,10,Omicron,540,0.70174,0.06274,0.85179,0.72509,0.18763
81,27,10,Omicron,540,0.70174,0.06274,0.85179,0.72509,0.18763
37,27,12,Omicron,840,0.70174,0.06274,0.85179,0.72509,0.18763
61,43,20,Delta,720,0.70174,0.06274,0.85179,0.72509,0.18763
59,43,20,Delta,840,0.70174,0.06274,0.85179,0.72509,0.18763
64,43,20,Delta,840,0.70174,0.06274,0.85179,0.72509,0.18763
99,43,30,Delta,960,0.70174,0.06274,0.85179,0.72509,0.18763
121,43,20,Delta,1200,0.70174,0.06274,0.85179,0.72509,0.18763
79,43,20,Delta,1260,0.70174,0.06274,0.85179,0.72509,0.18763
38,27,12,Omicron,1320,0.70174,0.06274,0.85179,0.72509,0.18763
35,27,12,Omicron,1380,0.70174,0.06274,0.85179,0.72509,0.18763
147,27,12,Omicron,1380,0.70174,0.06274,0.85179,0.72509,0.18763
