{
  "mask": 0.70174,
  "vaccine": 0.06274,
  "capacity": 0.85179,
  "lockdown": 0.72509,
  "selfiso": 0.18763
}