{
  "mask": 70.17378,
  "vaccine": 6.2736,
  "capacity": 85.17917,
  "lockdown": 72.5093,
  "selfiso": 18.76342
}