{
  "mask": 29.12106,
  "vaccine": 70.59527,
  "capacity": 14.19963,
  "lockdown": 93.19523,
  "selfiso": 45.04573
}