{
  "mask": 0.29121,
  "vaccine": 0.70595,
  "capacity": 0.142,
  "lockdown": 0.93195,
  "selfiso": 0.45046
}