{
  "mask": 0.67408,
  "vaccine": 0.73805,
  "capacity": 0.51262,
  "lockdown": 0.03353,
  "selfiso": 0.33836
}