{
  "mask": 67.40847,
  "vaccine": 73.80499,
  "capacity": 51.26154,
  "lockdown": 3.35277,
  "selfiso": 33.83635
}