{
  "mask": 0.67634,
  "vaccine": 0.3122,
  "capacity": 0.05046,
  "lockdown": 0.73411,
  "selfiso": 0.21345
}