{
  "mask": 0.06033,
  "vaccine": 0.3881,
  "capacity": 0.58796,
  "lockdown": 0.81323,
  "selfiso": 0.00817
}