{
  "mask": 0.48134,
  "vaccine": 0.3524,
  "capacity": 0.57185,
  "lockdown": 0.69293,
  "selfiso": 0.61269
}