{
  "mask": 6.0334,
  "vaccine": 38.80996,
  "capacity": 58.79623,
  "lockdown": 81.32322,
  "selfiso": 0.81734
}