{
  "mask": 0.18345,
  "vaccine": 0.16334,
  "capacity": 0.50435,
  "lockdown": 0.92231,
  "selfiso": 0.96804
}