{
  "mask": 0.49586,
  "vaccine": 0.85083,
  "capacity": 0.17109,
  "lockdown": 0.51558,
  "selfiso": 0.74701
}