{
  "mask": 49.58633,
  "vaccine": 85.08342,
  "capacity": 17.10874,
  "lockdown": 51.55786,
  "selfiso": 74.70096
}