{
  "mask": 0.88746,
  "vaccine": 0.94817,
  "capacity": 0.02124,
  "lockdown": 0.75435,
  "selfiso": 0.85658
}