{
  "mask": 88.7457,
  "vaccine": 94.81676,
  "capacity": 2.12442,
  "lockdown": 75.43499,
  "selfiso": 85.65791
}