{
  "mask": 0.56295,
  "vaccine": 0.70473,
  "capacity": 0.1342,
  "lockdown": 0.26398,
  "selfiso": 0.4206
}