{
  "mask": 56.29533,
  "vaccine": 70.47299,
  "capacity": 13.42003,
  "lockdown": 26.39762,
  "selfiso": 42.05982
}