{
  "mask": 0.55439,
  "vaccine": 0.64708,
  "capacity": 0.18404,
  "lockdown": 0.82283,
  "selfiso": 0.60465
}