{
  "mask": 55.43913,
  "vaccine": 64.70819,
  "capacity": 18.40416,
  "lockdown": 82.28289,
  "selfiso": 60.46533
}