{
  "mask": 0.69757,
  "vaccine": 0.58833,
  "capacity": 0.17617,
  "lockdown": 0.81132,
  "selfiso": 0.93861
}