{
  "mask": 84.35956,
  "vaccine": 54.34738,
  "capacity": 95.51495,
  "lockdown": 52.29071,
  "selfiso": 25.47736
}