{
  "mask": 0.8436,
  "vaccine": 0.54347,
  "capacity": 0.95515,
  "lockdown": 0.52291,
  "selfiso": 0.25477
}