infected_person_id,infector_id,location_id,variant,timestep,mask,vaccine,capacity,lockdown,selfiso
6,7,3,Omicron,1380,0.71508,0.51547,0.18961,0.99588,0.965
7,6,3,Delta,1440,0.71508,0.51547,0.18961,0.99588,0.965
8,7,3,Omicron,1440,0.71508,0.51547,0.18961,0.99588,0.965
9,7,3,Omicron,1440,0.71508,0.51547,0.18961,0.99588,0.965
5,7,3,Omicron,180,0.71508,0.51547,0.18961,0.99588,0.965
4,6,3,Delta,300,0.71508,0.51547,0.18961,0.99588,0.965
11,7,4,Omicron,1320,0.71508,0.51547,0.18961,0.99588,0.965
10,7,4,Omicron,960,0.71508,0.51547,0.18961,0.99588,0.965
