{
  "mask": 71.50814,
  "vaccine": 51.54706,
  "capacity": 18.96101,
  "lockdown": 99.58773,
  "selfiso": 96.49958
}