{
  "mask": 0.71508,
  "vaccine": 0.51547,
  "capacity": 0.18961,
  "lockdown": 0.99588,
  "selfiso": 0.965
}