{
  "mask": 54.40586,
  "vaccine": 10.34932,
  "capacity": 53.78864,
  "lockdown": 62.70991,
  "selfiso": 53.83217
}