{
  "mask": 0.54406,
  "vaccine": 0.10349,
  "capacity": 0.53789,
  "lockdown": 0.6271,
  "selfiso": 0.53832
}