{
  "mask": 31.44522,
  "vaccine": 13.58104,
  "capacity": 74.47678,
  "lockdown": 39.15329,
  "selfiso": 48.72774
}