{
  "mask": 0.31445,
  "vaccine": 0.13581,
  "capacity": 0.74477,
  "lockdown": 0.39153,
  "selfiso": 0.48728
}