{
  "mask": 52.81793,
  "vaccine": 4.66221,
  "capacity": 91.69436,
  "lockdown": 65.74391,
  "selfiso": 5.14307
}