{
  "mask": 0.52818,
  "vaccine": 0.04662,
  "capacity": 0.91694,
  "lockdown": 0.65744,
  "selfiso": 0.05143
}