{
  "mask": 4.20893,
  "vaccine": 91.81511,
  "capacity": 24.42768,
  "lockdown": 45.0272,
  "selfiso": 26.44445
}