{
  "mask": 0.04209,
  "vaccine": 0.91815,
  "capacity": 0.24428,
  "lockdown": 0.45027,
  "selfiso": 0.26444
}