{
  "mask": 0.30311,
  "vaccine": 0.81693,
  "capacity": 0.4964,
  "lockdown": 0.55482,
  "selfiso": 0.55877
}