{
  "mask": 30.31089,
  "vaccine": 81.69263,
  "capacity": 49.64007,
  "lockdown": 55.48159,
  "selfiso": 55.87655
}