{
  "mask": 0.74486,
  "vaccine": 0.40387,
  "capacity": 0.69825,
  "lockdown": 0.37986,
  "selfiso": 0.4797
}