{
  "mask": 74.48554,
  "vaccine": 40.38745,
  "capacity": 69.82532,
  "lockdown": 37.98552,
  "selfiso": 47.96966
}