{
  "mask": 0.28969,
  "vaccine": 0.05002,
  "capacity": 0.73434,
  "lockdown": 0.13182,
  "selfiso": 0.0681
}