{
  "mask": 0.51878,
  "vaccine": 0.44009,
  "capacity": 0.47737,
  "lockdown": 0.62728,
  "selfiso": 0.07241
}