{
  "mask": 28.96947,
  "vaccine": 5.00219,
  "capacity": 73.43422,
  "lockdown": 13.18204,
  "selfiso": 6.81019
}