{
  "mask": 0.51732,
  "vaccine": 0.37501,
  "capacity": 0.4711,
  "lockdown": 0.58516,
  "selfiso": 0.81346
}