{
  "mask": 51.73161,
  "vaccine": 37.50145,
  "capacity": 47.1098,
  "lockdown": 58.51597,
  "selfiso": 81.34609
}