{
  "mask": 41.18314,
  "vaccine": 13.33432,
  "capacity": 10.16979,
  "lockdown": 46.01459,
  "selfiso": 23.19817
}