{
  "mask": 0.41183,
  "vaccine": 0.13334,
  "capacity": 0.1017,
  "lockdown": 0.46015,
  "selfiso": 0.23198
}