{
  "mask": 0.06733,
  "vaccine": 0.23337,
  "capacity": 0.32679,
  "lockdown": 0.84058,
  "selfiso": 0.52793
}