{
  "mask": 26.32723,
  "vaccine": 78.59656,
  "capacity": 30.79194,
  "lockdown": 65.14534,
  "selfiso": 80.56242
}