{
  "mask": 0.26327,
  "vaccine": 0.78597,
  "capacity": 0.30792,
  "lockdown": 0.65145,
  "selfiso": 0.80562
}