{
  "mask": 0.28004,
  "vaccine": 0.21442,
  "capacity": 0.67862,
  "lockdown": 0.92494,
  "selfiso": 0.0222
}