{
  "mask": 28.00448,
  "vaccine": 21.4419,
  "capacity": 67.86245,
  "lockdown": 92.49363,
  "selfiso": 2.2197
}