{
  "mask": 70.68306,
  "vaccine": 38.28131,
  "capacity": 42.5284,
  "lockdown": 64.29553,
  "selfiso": 85.06795
}