{
  "mask": 0.78732,
  "vaccine": 0.65125,
  "capacity": 0.44114,
  "lockdown": 0.91182,
  "selfiso": 0.26272
}