{
  "mask": 0.70683,
  "vaccine": 0.38281,
  "capacity": 0.42528,
  "lockdown": 0.64296,
  "selfiso": 0.85068
}