{
  "mask": 0.03533,
  "vaccine": 0.97074,
  "capacity": 0.86417,
  "lockdown": 0.9003,
  "selfiso": 0.38037
}