{
  "mask": 3.53317,
  "vaccine": 97.0743,
  "capacity": 86.41675,
  "lockdown": 90.0301,
  "selfiso": 38.03656
}