{
  "mask": 0.72552,
  "vaccine": 0.42284,
  "capacity": 0.40031,
  "lockdown": 0.42145,
  "selfiso": 0.42781
}