{
  "mask": 72.55223,
  "vaccine": 42.28364,
  "capacity": 40.03082,
  "lockdown": 42.14541,
  "selfiso": 42.78117
}