{
  "mask": 39.52846,
  "vaccine": 82.95568,
  "capacity": 28.43548,
  "lockdown": 63.46931,
  "selfiso": 66.60622
}