{
  "mask": 0.39528,
  "vaccine": 0.82956,
  "capacity": 0.28435,
  "lockdown": 0.63469,
  "selfiso": 0.66606
}