{
  "mask": 76.1665,
  "vaccine": 80.01448,
  "capacity": 0.86705,
  "lockdown": 31.21001,
  "selfiso": 91.57506
}