{
  "mask": 0.76167,
  "vaccine": 0.80014,
  "capacity": 0.00867,
  "lockdown": 0.3121,
  "selfiso": 0.91575
}